id,brand,name,colorFamily,hexColor,capacityMl,inkType
ink_w001,글입다,유리알 유희,,#C3B3CA,,shimmer
ink_w002,글입다,홀로 아득한 매화 향기,,#CD8FAD,,normal
ink_w003,글입다,떠도는 구름,,#B25A79,,normal
ink_w004,글입다,키다리 아저씨,,#C4738D,,shimmer
ink_w005,글입다,카르밀라,,#C06A6E,,normal
ink_w006,글입다,봄바람의 고민,,#DD7270,,shimmer
ink_w007,글입다,줄리엣,,#E46363,,shimmer
ink_w008,글입다,꽃의 귀양,,#BC4D52,,normal
ink_w009,글입다,놓인 그 꽃,,#914E63,,normal
ink_w010,글입다,체셔 캣,,#771F62,,normal
ink_w011,글입다,박제가 되어버린 천재,,#5F1838,,sheen
ink_w012,글입다,오만과 편견,,#700227,,sheen
ink_w013,글입다,안나 카레니나,,#601630,,shimmer
ink_w014,글입다,드라큘라,,#8E2137,,shimmer
ink_w015,글입다,장미의 요정,,#922445,,shimmer
ink_w016,글입다,젊은 왕,,#932447,,shimmer
ink_w017,글입다,헨리 지킬,,#6C2C39,,normal
ink_w018,글입다,빨간 구두,,#B6243C,,normal
ink_w019,글입다,빨간머리 앤,,#C11A2B,,sheen
ink_w020,글입다,주홍색 연구,,#6C0505,,normal
ink_w021,글입다,납치당한 산타클로스,,#6C181F,,shimmer
ink_w022,글입다,제천대성,,#7F332A,,shimmer
ink_w023,글입다,퀸 오브 하트,,#753535,,shimmer
ink_w024,글입다,페르온 소브 에페란토,,#752C37,,normal
ink_w025,글입다,후크 선장,,#690D1F,,normal
ink_w026,글입다,인간문제,,#551E26,,normal
ink_w027,글입다,1984,,#27120B,,shimmer
ink_w028,글입다,바스커빌가의 개,,#471A1B,,sheen
ink_w029,글입다,변신,,#4A2025,,sheen
ink_w030,글입다,오셀로,,#594848,,shimmer
ink_w031,글입다,아누비스,,#514240,,shimmer
ink_w032,글입다,돈키호테,,#614446,,normal
ink_w033,글입다,연옥,,#8C6265,,normal
ink_w034,글입다,석공의 노래,,#9C877C,,normal
ink_w035,글입다,제미나,,#A18C80,,shimmer
ink_w036,글입다,봄감자,,#AC966C,,normal
ink_w037,글입다,갈잎의 노래,,#917247,,normal
ink_w038,글입다,나이팅게일과 장미,,#8C6749,,shimmer
ink_w039,글입다,착,,#B37751,,shimmer
ink_w040,글입다,화이트 래빗,,#DBA995,,normal
ink_w041,글입다,제페토,,#CD6D5B,,normal
ink_w042,글입다,별아이,,#B76635,,shimmer
ink_w043,글입다,건축무한육면각체,,#843F39,,sheen
ink_w044,글입다,장난감 병정,,#74383E,,normal
ink_w045,글입다,이방인,,#9E4C2B,,shimmer
ink_w046,글입다,겁쟁이 사자,,#734737,,normal
ink_w047,글입다,싯다르타,,#C34C2C,,normal
ink_w048,글입다,헤임달,,#DA5B0B,,normal
ink_w049,글입다,경희,,#C3660D,,normal
ink_w050,글입다,별과 꽃 사이,,#FA991A,,normal
ink_w051,글입다,별빛이 나린 언덕,,#D69528,,shimmer
ink_w052,글입다,산시로,,#D88D18,,normal
ink_w053,글입다,레일라,,#E8A852,,shimmer
ink_w054,글입다,프시케 폴리,,#B78E57,,shimmer
ink_w055,글입다,풀섶 이슬,,#B8C154,,normal
ink_w056,글입다,허수아비,,#58411C,,normal
ink_w057,글입다,도정,,#8B6E25,,shimmer
ink_w058,글입다,팅커벨,,#B2B591,,shimmer
ink_w059,글입다,순수의 시대,,#B0AD9F,,normal
ink_w060,글입다,피터 팬,,#6D7653,,normal
ink_w061,글입다,톰 소여의 모험,,#6B7B62,,normal
ink_w062,글입다,매드 해터,,#607058,,normal
ink_w063,글입다,천년 뒤 이 가을 밤,,#5B554D,,shimmer
ink_w064,글입다,죄와 벌,,#474E3A,,sheen
ink_w065,글입다,흘러가는 잎,,#54623A,,shimmer
ink_w066,글입다,비밀의 화원,,#607D57,,shimmer
ink_w067,글입다,타피오,,#7DA16F,,normal
ink_w068,글입다,바유,,#77A28A,,normal
ink_w069,글입다,잎새에 이는 바람,,#4B765D,,normal
ink_w070,글입다,피노키오,,#55B880,,shimmer
ink_w071,글입다,희망의 정수박이,,#149781,,normal
ink_w072,글입다,수레바퀴 아래서,,#27462F,,normal
ink_w073,글입다,한 줄의 참회록,,#3B6C6C,,normal
ink_w074,글입다,한여름 밤의 꿈,,#165452,,shimmer
ink_w075,글입다,틱톡 크록,,#086560,,normal
ink_w076,글입다,카라마조프가의 형제들,,#3F2D38,,sheen
ink_w077,글입다,누구를 위하여 종은 울리나,,#1A242E,,sheen
ink_w078,글입다,13인의 아해,,#354043,,sheen
ink_w079,글입다,Mature,,#1D3243,,normal
ink_w080,글입다,노인과 바다,,#416982,,shimmer
ink_w081,글입다,행인,,#1A6075,,shimmer
ink_w082,글입다,운디네,,#366A7E,,normal
ink_w083,글입다,Lost,,#276B86,,normal
ink_w084,글입다,로빈슨 크루소,,#019DA9,,normal
ink_w085,글입다,부활,,#6DADB3,,normal
ink_w086,글입다,이슬 젖은 별빛,,#6AA7A7,,shimmer
ink_w087,글입다,인어공주,,#76ACB6,,shimmer
ink_w088,글입다,애너벨 리,,#568798,,shimmer
ink_w089,글입다,응앙응앙,,#90ADBA,,shimmer
ink_w090,글입다,백야,,#9EB4B7,,shimmer
ink_w091,글입다,앨리스,,#72B4D0,,shimmer
ink_w092,글입다,웬디 달링,,#B0CBF2,,shimmer
ink_w093,글입다,물 먹은 별,,#889CD1,,shimmer
ink_w094,글입다,소공자,,#5E6BBB,,shimmer
ink_w095,글입다,엔키,,#80A0D8,,shimmer
ink_w096,글입다,환웅,,#728294,,normal
ink_w097,글입다,천국,,#9FB4CB,,shimmer
ink_w098,글입다,모비딕,,#7A8FAE,,normal
ink_w099,글입다,Hope,,#6A7BA0,,normal
ink_w100,글입다,행복한 왕자,,#5C668C,,shimmer
ink_w101,글입다,몽테크리스토 백작,,#222778,,shimmer
ink_w102,글입다,이아로스 오르나 에페란토,,#3B3F84,,shimmer
ink_w103,글입다,해저 2만 리,,#284A8A,,shimmer
ink_w104,글입다,세드나,,#245F86,,normal
ink_w105,글입다,칠색 바다,,#263E67,,sheen
ink_w106,글입다,오페라의 유령,,#382148,,sheen
ink_w107,글입다,계절이 지나가는 하늘,,#1C3F5F,,normal
ink_w108,글입다,도로시,,#455471,,normal
ink_w109,글입다,마음,,#69708B,,normal
ink_w110,글입다,이반 일리치의 죽음,,#6E7A89,,shimmer
ink_w111,글입다,급류,,#466177,,normal
ink_w112,글입다,존재의 이유,,#697B8E,,shimmer
ink_w113,글입다,지구에서 달까지,,#496069,,shimmer
ink_w114,글입다,마티어스,,#2B4056,,shimmer
ink_w115,글입다,삼총사,,#2D3946,,normal
ink_w116,글입다,공포의 계곡,,#2E3880,,sheen
ink_w117,글입다,가을 속의 별들,,#2D3866,,shimmer
ink_w118,글입다,햄릿,,#394959,,shimmer
ink_w119,글입다,위키드 위치,,#34335A,,sheen
ink_w120,글입다,인형의 집,,#1B1D25,,sheen
ink_w121,글입다,소영위제,,#40395E,,shimmer
ink_w122,글입다,프랑켄슈타인,,#38214C,,shimmer
ink_w123,글입다,위대한 개츠비,,#3E2365,,sheen
ink_w124,글입다,메데이아 벨리아르,,#48328B,,shimmer
ink_w125,글입다,베레트라그나,,#542D73,,sheen
ink_w126,글입다,페르세포네,,#5A4767,,shimmer
ink_w127,글입다,에드워드 하이드,,#9D6A91,,sheen
ink_w128,글입다,네 사람의 서명,,#3F2C39,,shimmer
ink_w129,글입다,갈까마귀,,#342B37,,shimmer
ink_w130,글입다,인간실격,,#433749,,normal
ink_w131,글입다,포도빛 밤,,#554879,,shimmer
ink_w132,글입다,슬픈 천명,,#605A96,,normal
ink_w133,글입다,츠쿠요미,,#837AAB,,normal
ink_w134,글입다,제인 에어,,#614D75,,normal
ink_w135,글입다,이해 없는 세상에서,,#847FCC,,normal
ink_w136,글입다,해가 지는 곳으로,,#8F65B7,,normal
ink_w137,글입다,소공녀,,#AB90D2,,shimmer
ink_w138,글입다,꿈속의 꿈,,#B29BD8,,shimmer
ink_w139,글입다,누아다 아르게틀람,,#6A647F,,shimmer
ink_w140,글입다,도리언 그레이의 초상,,#4D4A56,,normal
ink_w141,글입다,양철 나무꾼,,#38363D,,normal
ink_w142,글입다,거울 속의 나,,#6B707C,,shimmer
ink_w143,글입다,헬리오 트로피움,,#878AA0,,shimmer
ink_w144,글입다,멕베스,,#5D607A,,shimmer
ink_w145,글입다,로미오,,#3A3F66,,shimmer
ink_w146,글입다,하데스,,#1F1A16,,shimmer
ink_w147,글입다,검은 튤립,,#221F27,,shimmer
ink_w148,글입다,검은 꿈,,#1F1E28,,shimmer
ink_w149,글입다,지옥,,#2B2525,,sheen
ink_w150,글입다,파우스트,,#0F0A01,,sheen
ink_w151,글입다,나르치스와 골드문트,,#323031,,shimmer
ink_w152,글입다,달을 쏘다,,#332C28,,normal
ink_w153,글입다,빛 죽은 반달,,#4E5B59,,shimmer
ink_w154,글입다,나는 고양이로소이다,,#595D59,,shimmer
ink_w155,글입다,젊은 베르테르의 슬픔,,#7F868A,,normal
ink_w156,글입다,미운 오리 새끼,,#8C8483,,normal
ink_w157,글입다,자기만의 방,,#745B5A,,shimmer
ink_w158,글입다,리어 왕,,#625E63,,shimmer
ink_w159,글입다,페스트,,#442D29,,sheen
